username,status,checked_at
aaa,taken,2026-07-10T21:19:46.460949
aab,taken,2026-07-10T21:19:58.441817
aac,taken,2026-07-10T21:20:10.357815
aad,taken,2026-07-10T21:20:22.257237
aae,taken,2026-07-10T21:20:34.188309
aaf,taken,2026-07-10T21:20:46.092187
aag,taken,2026-07-10T21:20:58.024436
aah,taken,2026-07-10T21:21:10.156461
aai,taken,2026-07-10T21:21:22.070302
aaj,taken,2026-07-10T21:21:34.011753
aak,taken,2026-07-10T21:21:46.026348
aal,taken,2026-07-10T21:21:57.954570
aam,taken,2026-07-10T21:22:09.782759
aan,taken,2026-07-10T21:23:28.576183
aao,taken,2026-07-10T21:23:32.072218
aap,taken,2026-07-10T21:23:35.559884
aaq,taken,2026-07-10T21:23:39.056088
aar,taken,2026-07-10T21:23:42.545965
aas,taken,2026-07-10T21:23:46.064270
aat,taken,2026-07-10T21:23:49.569157
aau,taken,2026-07-10T21:23:54.939718
aav,taken,2026-07-10T21:23:58.444261
aaw,taken,2026-07-10T21:24:02.300019
aax,taken,2026-07-10T21:24:05.835425
aay,taken,2026-07-10T21:24:09.386513
aaz,taken,2026-07-10T21:24:12.889204
aa0,taken,2026-07-10T21:24:16.413747
aa1,taken,2026-07-10T21:24:20.028739
aa2,taken,2026-07-10T21:24:23.564628
aa3,taken,2026-07-10T21:24:27.427488
aa4,taken,2026-07-10T21:24:30.954929
aa5,taken,2026-07-10T21:24:34.467436
aa6,taken,2026-07-10T21:24:37.997588
aa7,taken,2026-07-10T21:24:41.508921
aa8,taken,2026-07-10T21:24:45.064266
aa9,taken,2026-07-10T21:24:48.580450
aba,taken,2026-07-10T21:24:52.109128
abb,taken,2026-07-10T21:24:55.632051
abc,taken,2026-07-10T21:24:59.203730
abd,taken,2026-07-10T21:25:03.007515
abe,taken,2026-07-10T21:25:06.548540
abf,taken,2026-07-10T21:25:10.190804
abg,taken,2026-07-10T21:25:13.783005
abh,taken,2026-07-10T21:25:17.326467
abi,taken,2026-07-10T21:25:20.839709
abj,taken,2026-07-10T21:25:24.359952
abk,taken,2026-07-10T21:25:27.848845
abl,taken,2026-07-10T21:25:31.365997
abm,taken,2026-07-10T21:25:34.881432
abn,taken,2026-07-10T21:25:38.397586
abo,taken,2026-07-10T21:25:41.926428
abp,taken,2026-07-10T21:25:45.461055
abq,taken,2026-07-10T21:25:49.077389
abr,taken,2026-07-10T21:25:52.582489
abs,taken,2026-07-10T21:25:56.334824
abt,taken,2026-07-10T21:25:59.884402
abu,taken,2026-07-10T21:26:03.449019
abv,taken,2026-07-10T21:26:06.971526
abw,taken,2026-07-10T21:26:10.487969
abx,taken,2026-07-10T21:26:14.016969
aby,taken,2026-07-10T21:26:17.530525
abz,taken,2026-07-10T21:26:21.480278
ab0,taken,2026-07-10T21:26:25.013533
ab1,taken,2026-07-10T21:26:28.539336
ab2,taken,2026-07-10T21:26:32.074548
ab3,taken,2026-07-10T21:26:35.585556
ab4,taken,2026-07-10T21:26:39.112071
ab5,taken,2026-07-10T21:26:42.643207
ab6,taken,2026-07-10T21:26:46.152310
ab7,taken,2026-07-10T21:26:49.664926
ab8,taken,2026-07-10T21:26:53.188865
ab9,taken,2026-07-10T21:26:56.695227
aca,taken,2026-07-10T21:27:00.777226
acb,taken,2026-07-10T21:27:04.316023
acc,taken,2026-07-10T21:27:07.866519
acd,taken,2026-07-10T21:27:11.419044
ace,available,2026-07-10T21:27:14.738609
acf,taken,2026-07-10T21:27:18.243765
acg,taken,2026-07-10T21:27:21.776740
ach,taken,2026-07-10T21:27:25.287082
aci,taken,2026-07-10T21:27:28.799353
acj,taken,2026-07-10T21:27:32.315598
ack,taken,2026-07-10T21:27:35.819382
acl,taken,2026-07-10T21:27:39.328142
acm,taken,2026-07-10T21:27:42.836799
acn,taken,2026-07-10T21:27:46.355699
aco,taken,2026-07-10T21:27:49.898325
acp,taken,2026-07-10T21:27:53.411025
acq,taken,2026-07-10T21:27:57.152904
acr,taken,2026-07-10T21:28:00.774821
acs,taken,2026-07-10T21:28:04.315760
act,taken,2026-07-10T21:28:07.825881
acu,taken,2026-07-10T21:28:11.362033
acv,available,2026-07-10T21:28:14.877704
acw,taken,2026-07-10T21:28:18.401906
acx,taken,2026-07-10T21:28:21.903623
acy,taken,2026-07-10T21:28:25.409709
acz,taken,2026-07-10T21:28:28.957290
ac0,taken,2026-07-10T21:28:32.456947
ac1,taken,2026-07-10T21:28:35.985028
ac2,taken,2026-07-10T21:28:39.515715
ac3,taken,2026-07-10T21:28:43.073189
ac4,taken,2026-07-10T21:28:46.604318
ac5,taken,2026-07-10T21:28:50.148161
ac6,taken,2026-07-10T21:28:53.676725
ac7,taken,2026-07-10T21:28:57.203566
ac8,taken,2026-07-10T21:29:00.778077
ac9,taken,2026-07-10T21:29:04.308672
ada,taken,2026-07-10T21:29:07.841982
adb,taken,2026-07-10T21:29:11.379430
adc,taken,2026-07-10T21:29:14.897871
add,taken,2026-07-10T21:29:18.427372
ade,taken,2026-07-10T21:29:21.972850
adf,taken,2026-07-10T21:29:25.683297
adg,taken,2026-07-10T21:29:29.212503
adh,taken,2026-07-10T21:29:32.778367
adi,taken,2026-07-10T21:29:36.292125
adj,taken,2026-07-10T21:29:39.827369
adk,taken,2026-07-10T21:29:43.343001
adl,taken,2026-07-10T21:29:46.874766
adm,taken,2026-07-10T21:29:50.412160
adn,taken,2026-07-10T21:29:53.921423
ado,taken,2026-07-10T21:29:57.425210
adp,taken,2026-07-10T21:30:01.009181
adq,taken,2026-07-10T21:30:04.538348
adr,taken,2026-07-10T21:30:08.051158
ads,taken,2026-07-10T21:30:11.576391
adt,available,2026-07-10T21:30:15.096041
adu,taken,2026-07-10T21:30:18.612550
adv,taken,2026-07-10T21:30:22.141561
adw,taken,2026-07-10T21:30:25.691032
adx,taken,2026-07-10T21:30:29.215295
ady,taken,2026-07-10T21:30:32.718176
adz,taken,2026-07-10T21:30:36.230925
ad0,taken,2026-07-10T21:30:39.783567
ad1,taken,2026-07-10T21:30:43.290244
ad2,taken,2026-07-10T21:30:46.808002
ad3,taken,2026-07-10T21:30:50.332611
ad4,taken,2026-07-10T21:30:53.839248
ad5,taken,2026-07-10T21:30:57.322134
ad6,taken,2026-07-10T21:31:00.816664
ad7,taken,2026-07-10T21:31:04.337314
ad8,taken,2026-07-10T21:31:07.839575
ad9,taken,2026-07-10T21:31:11.362049
aea,taken,2026-07-10T21:31:14.872563
aeb,taken,2026-07-10T21:31:18.381327
aec,taken,2026-07-10T21:31:21.911054
aed,taken,2026-07-10T21:31:25.438667
aee,taken,2026-07-10T21:31:28.938994
aef,taken,2026-07-10T21:31:32.468306
aeg,available,2026-07-10T21:31:35.981175
aeh,taken,2026-07-10T21:31:39.471803
aei,taken,2026-07-10T21:31:43.003651
aej,taken,2026-07-10T21:31:46.528112
aek,taken,2026-07-10T21:31:50.048464
ael,taken,2026-07-10T21:31:53.557374
aem,taken,2026-07-10T21:31:57.072710
aen,taken,2026-07-10T21:32:00.775546
aeo,available,2026-07-10T21:32:04.317113
aep,taken,2026-07-10T21:32:07.841723
aeq,taken,2026-07-10T21:32:11.412317
aer,taken,2026-07-10T21:32:15.036981
aes,taken,2026-07-10T21:32:18.567542
aet,taken,2026-07-10T21:32:22.087276
aeu,taken,2026-07-10T21:32:25.596270
aev,taken,2026-07-10T21:32:29.171951
aew,taken,2026-07-10T21:32:32.791139
aex,taken,2026-07-10T21:32:36.294890
aey,taken,2026-07-10T21:32:39.826130
aez,taken,2026-07-10T21:32:43.346714
ae0,taken,2026-07-10T21:32:46.863457
ae1,taken,2026-07-10T21:32:50.404396
ae2,taken,2026-07-10T21:32:53.917958
ae3,taken,2026-07-10T21:32:57.442401
ae4,taken,2026-07-10T21:33:00.950186
ae5,taken,2026-07-10T21:33:04.448892
ae6,taken,2026-07-10T21:33:07.978505
ae7,taken,2026-07-10T21:33:11.503762
ae8,taken,2026-07-10T21:33:15.009101
ae9,taken,2026-07-10T21:33:18.507810
afa,taken,2026-07-10T21:33:22.016692
afb,taken,2026-07-10T21:33:25.559277
afc,taken,2026-07-10T21:33:29.136407
afd,taken,2026-07-10T21:33:32.642713
afe,taken,2026-07-10T21:33:36.191639
aff,taken,2026-07-10T21:33:39.705036
afg,taken,2026-07-10T21:33:43.211405
afh,taken,2026-07-10T21:33:46.737755
afi,taken,2026-07-10T21:33:50.223830
afj,taken,2026-07-10T21:33:53.741284
afk,taken,2026-07-10T21:33:57.271464
afl,taken,2026-07-10T21:34:00.809164
afm,taken,2026-07-10T21:34:04.324985
afn,taken,2026-07-10T21:34:07.824630
afo,taken,2026-07-10T21:34:11.315698
afp,available,2026-07-10T21:34:14.804927
afq,taken,2026-07-10T21:34:18.317759
afr,taken,2026-07-10T21:34:21.843373
afs,taken,2026-07-10T21:34:25.376936
aft,taken,2026-07-10T21:34:28.903040
afu,taken,2026-07-10T21:34:32.426484
afv,available,2026-07-10T21:34:35.960029
afw,taken,2026-07-10T21:34:39.596267
afx,taken,2026-07-10T21:34:43.538273
afy,taken,2026-07-10T21:34:47.056596
afz,taken,2026-07-10T21:34:50.544565
af0,taken,2026-07-10T21:34:54.088961
af1,taken,2026-07-10T21:34:57.593743
af2,taken,2026-07-10T21:35:01.134095
af3,taken,2026-07-10T21:35:04.647913
af4,taken,2026-07-10T21:35:08.156957
af5,taken,2026-07-10T21:35:11.665642
af6,taken,2026-07-10T21:35:15.183278
af7,taken,2026-07-10T21:42:48.960742
af8,taken,2026-07-10T21:42:52.498295
af9,taken,2026-07-10T21:42:56.050690
aga,taken,2026-07-10T21:42:59.604018
agb,taken,2026-07-10T21:43:03.548309
agc,taken,2026-07-10T21:43:07.079074
agd,taken,2026-07-10T21:43:10.610548
age,taken,2026-07-10T21:43:14.189634
agf,taken,2026-07-10T21:43:17.701024
agg,taken,2026-07-10T21:43:21.226995
agh,taken,2026-07-10T21:43:24.762547
agi,taken,2026-07-10T21:43:28.323139
agj,taken,2026-07-10T21:43:31.882455
agk,taken,2026-07-10T21:43:35.406128
agl,taken,2026-07-10T21:43:38.909134
agm,taken,2026-07-10T21:43:42.487465
agn,taken,2026-07-10T21:43:45.999054
ago,taken,2026-07-10T21:43:49.533040
agp,taken,2026-07-10T21:43:53.048155
agq,taken,2026-07-10T21:43:56.591539
agr,taken,2026-07-10T21:44:00.141554
ags,taken,2026-07-10T21:44:03.678086
agt,taken,2026-07-10T21:44:07.272193
agu,taken,2026-07-10T21:44:10.781803
agv,taken,2026-07-10T21:44:14.334183
agw,taken,2026-07-10T21:44:17.861404
agx,taken,2026-07-10T21:44:21.489041
agy,taken,2026-07-10T21:44:24.996960
agz,taken,2026-07-10T21:44:28.509110
ag0,taken,2026-07-10T21:44:32.026216
ag1,taken,2026-07-10T21:44:35.553996
ag2,taken,2026-07-10T21:44:39.071399
ag3,taken,2026-07-10T21:44:42.594376
ag4,taken,2026-07-10T21:44:46.109292
ag5,taken,2026-07-10T21:44:49.626325
ag6,taken,2026-07-10T21:44:53.184940
ag7,taken,2026-07-10T21:44:56.811486
ag8,taken,2026-07-10T21:45:00.772297
ag9,taken,2026-07-10T21:45:04.297644
aha,taken,2026-07-10T21:45:07.837751
ahb,taken,2026-07-10T21:45:11.366549
ahc,taken,2026-07-10T21:45:14.884846
ahd,taken,2026-07-10T21:45:18.423911
ahe,taken,2026-07-10T21:45:21.939053
ahf,taken,2026-07-10T21:45:25.499579
ahg,taken,2026-07-10T21:45:29.012397
ahh,taken,2026-07-10T21:45:32.976953
ahi,taken,2026-07-10T21:45:36.564249
ahj,taken,2026-07-10T21:45:40.106721
ahk,taken,2026-07-10T21:45:43.624588
ahl,taken,2026-07-10T21:45:47.147966
ahm,taken,2026-07-10T21:45:50.664116
ahn,taken,2026-07-10T21:45:54.175197
aho,taken,2026-07-10T21:45:57.729472
ahp,taken,2026-07-10T21:46:01.491297
ahq,taken,2026-07-10T21:46:05.027533
ahr,taken,2026-07-10T21:46:08.549803
ahs,taken,2026-07-10T21:46:12.082302
aht,taken,2026-07-10T21:46:15.607362
ahu,taken,2026-07-10T21:46:19.137527
ahv,taken,2026-07-10T21:46:22.785251
ahw,taken,2026-07-10T21:46:26.365212
ahx,taken,2026-07-10T21:46:29.883565
ahy,taken,2026-07-10T21:46:45.599453
ahz,taken,2026-07-10T21:46:49.410938
ah0,taken,2026-07-10T21:46:53.044276
ah1,taken,2026-07-10T21:46:56.983785
ah2,taken,2026-07-10T21:47:00.776551
ah3,taken,2026-07-10T21:47:04.624943
ah4,taken,2026-07-10T21:47:08.281730
ah5,taken,2026-07-10T21:47:12.045661
ah6,taken,2026-07-10T21:47:15.782629
ah7,taken,2026-07-10T21:47:19.605138
ah8,taken,2026-07-10T21:47:23.623777
ah9,taken,2026-07-10T21:47:27.392341
aia,taken,2026-07-10T21:47:31.121107
aib,taken,2026-07-10T21:47:34.805669
aic,taken,2026-07-10T21:47:38.414642
aid,taken,2026-07-10T21:47:42.088185
aie,taken,2026-07-10T21:47:45.879230
aif,taken,2026-07-10T21:47:49.565325
aig,taken,2026-07-10T21:47:53.400621
aih,taken,2026-07-10T21:47:57.023693
aii,taken,2026-07-10T21:48:00.869161
aij,taken,2026-07-10T21:48:04.603686
aik,taken,2026-07-10T21:48:08.334284
ail,taken,2026-07-10T21:48:12.105313
aim,taken,2026-07-10T21:48:15.864855
ain,taken,2026-07-10T21:48:19.574075
aio,taken,2026-07-10T21:48:23.383480
aip,taken,2026-07-10T21:48:27.276655
aiq,taken,2026-07-10T21:48:30.968547
air,taken,2026-07-10T21:48:34.656763
ais,error,2026-07-10T21:48:38.803773
ait,taken,2026-07-10T21:48:42.495250
aiu,taken,2026-07-10T21:48:46.302827
aiv,taken,2026-07-10T21:48:50.264219
aiw,taken,2026-07-10T21:48:54.167468
aix,taken,2026-07-10T21:48:58.124655
aiy,taken,2026-07-10T21:49:02.649004
aiz,taken,2026-07-10T21:49:06.081183
ai0,taken,2026-07-10T21:49:09.907399
ai1,taken,2026-07-10T21:49:14.121564
ai2,taken,2026-07-10T21:49:17.964731
ai3,taken,2026-07-10T21:49:21.702480
ai4,taken,2026-07-10T21:49:25.780124
ai5,taken,2026-07-10T21:49:29.929482
ai6,taken,2026-07-10T21:49:33.754925
ai7,taken,2026-07-10T21:49:37.463589
ai8,taken,2026-07-10T21:49:41.497044
ai9,taken,2026-07-10T21:49:45.313282
aja,taken,2026-07-10T21:49:49.117246
ajb,taken,2026-07-10T21:49:53.110295
ajc,taken,2026-07-10T21:49:56.883034
ajd,taken,2026-07-10T21:50:00.800134
aje,taken,2026-07-10T21:50:04.672594
ajf,taken,2026-07-10T21:50:08.367156
ajg,taken,2026-07-10T21:50:12.301579
ajh,taken,2026-07-10T21:50:16.071181
aji,taken,2026-07-10T21:50:20.223820
ajj,taken,2026-07-10T21:50:24.532336
ajk,taken,2026-07-10T21:50:28.313265
ajl,taken,2026-07-10T21:50:32.137028
ajm,taken,2026-07-10T21:50:35.899669
ajn,taken,2026-07-10T21:50:39.665631
ajo,taken,2026-07-10T21:50:43.458551
ajp,taken,2026-07-10T21:50:47.563016
ajq,taken,2026-07-10T21:50:51.311818
ajr,taken,2026-07-10T21:50:55.175358
ajs,taken,2026-07-10T21:50:59.112198
ajt,taken,2026-07-10T21:51:03.019304
aju,taken,2026-07-10T21:51:06.776290
ajv,taken,2026-07-10T21:51:10.672835
ajw,taken,2026-07-10T21:51:14.438280
ajx,taken,2026-07-10T21:51:18.381918
ajy,taken,2026-07-10T21:51:22.119782
ajz,taken,2026-07-10T21:51:25.921015
aj0,taken,2026-07-10T21:51:29.818879
aj1,taken,2026-07-10T21:51:33.510461
aj2,taken,2026-07-10T21:51:37.162610
aj3,taken,2026-07-10T21:51:40.934587
aj4,taken,2026-07-10T21:51:44.695490
aj5,taken,2026-07-10T21:51:48.362249
aj6,taken,2026-07-10T21:51:52.091379
aj7,taken,2026-07-10T21:51:55.841603
aj8,taken,2026-07-10T21:51:59.804637
aj9,taken,2026-07-10T21:52:03.644613
aka,taken,2026-07-10T21:52:07.372022
akb,taken,2026-07-10T21:52:10.982468
akc,taken,2026-07-10T21:52:14.779665
akd,taken,2026-07-10T21:52:18.902219
ake,taken,2026-07-10T21:52:22.609615
akf,taken,2026-07-10T21:52:26.424787
akg,error,2026-07-10T21:52:30.415583
akh,taken,2026-07-10T21:52:34.211813
aki,taken,2026-07-10T21:52:37.967729
akj,taken,2026-07-10T21:52:41.767868
akk,taken,2026-07-10T21:52:45.557225
akl,taken,2026-07-10T21:52:49.629004
akm,taken,2026-07-10T21:52:53.463257
akn,taken,2026-07-10T21:52:57.243341
ako,taken,2026-07-10T21:53:00.994198
akp,taken,2026-07-10T21:53:04.746787
akq,taken,2026-07-10T21:53:08.527298
akr,taken,2026-07-10T21:53:12.628439
aks,taken,2026-07-10T21:53:16.351923
akt,taken,2026-07-10T21:53:20.489620
aku,taken,2026-07-10T21:53:24.423270
akv,taken,2026-07-10T21:53:28.174189
akw,taken,2026-07-10T21:53:31.968593
akx,taken,2026-07-10T21:53:35.724053
aky,taken,2026-07-10T21:53:39.715684
akz,taken,2026-07-10T21:53:43.532901
ak0,taken,2026-07-10T21:53:47.121647
ak1,taken,2026-07-10T21:53:50.906863
ak2,taken,2026-07-10T21:53:54.693569
ak3,taken,2026-07-10T21:53:58.716960
ak4,taken,2026-07-10T21:54:02.868279
ak5,taken,2026-07-10T21:54:06.632760
ak6,taken,2026-07-10T21:54:10.571469
ak7,taken,2026-07-10T21:54:14.318384
ak8,taken,2026-07-10T21:54:18.023422
ak9,taken,2026-07-10T21:54:21.827657
ala,taken,2026-07-10T21:54:25.647827
alb,taken,2026-07-10T21:54:29.524634
alc,taken,2026-07-10T21:54:33.223240
ald,taken,2026-07-10T21:54:36.999452
ale,taken,2026-07-10T21:54:40.773266
alf,taken,2026-07-10T21:54:44.461885
alg,taken,2026-07-10T21:54:48.553175
alh,taken,2026-07-10T21:54:52.580406
ali,taken,2026-07-10T21:54:56.303630
alj,taken,2026-07-10T21:55:00.101792
alk,taken,2026-07-10T21:55:04.361099
all,error,2026-07-10T21:55:08.197074
alm,taken,2026-07-10T21:55:12.049199
aln,taken,2026-07-10T21:55:15.847152
alo,taken,2026-07-10T21:55:19.677009
alp,taken,2026-07-10T21:55:23.352905
alq,taken,2026-07-10T21:55:27.087422
alr,taken,2026-07-10T21:58:35.276642
als,taken,2026-07-10T21:58:39.093986
alt,taken,2026-07-10T21:58:43.120478
alu,taken,2026-07-10T21:58:46.879186
alv,taken,2026-07-10T21:58:51.011004
alw,taken,2026-07-10T21:58:54.609380
alx,taken,2026-07-10T21:58:58.365722
aly,taken,2026-07-10T21:59:02.477707
alz,taken,2026-07-10T21:59:06.808718
al0,taken,2026-07-10T21:59:10.589491
al1,taken,2026-07-10T21:59:14.409939
al2,taken,2026-07-10T21:59:18.254063
al3,taken,2026-07-10T21:59:21.939702
al4,taken,2026-07-10T21:59:25.576910
al5,taken,2026-07-10T21:59:29.223383
al6,taken,2026-07-10T21:59:33.079346
al7,taken,2026-07-10T21:59:36.813852
al8,taken,2026-07-10T21:59:40.587155
al9,taken,2026-07-10T21:59:44.224759
ama,taken,2026-07-10T21:59:47.992631
amb,taken,2026-07-10T21:59:51.709208
amc,error,2026-07-10T21:59:55.553287
amd,taken,2026-07-10T21:59:59.513783
ame,taken,2026-07-10T22:00:03.680401
amf,taken,2026-07-10T22:00:07.501036
amg,taken,2026-07-10T22:00:11.291942
amh,taken,2026-07-10T22:00:14.928211
ami,taken,2026-07-10T22:00:18.718136
amj,taken,2026-07-10T22:00:22.415100
amk,taken,2026-07-10T22:00:26.044472
aml,taken,2026-07-10T22:00:29.742684
amm,taken,2026-07-10T22:00:33.439885
amn,taken,2026-07-10T22:00:37.248680
amo,taken,2026-07-10T22:00:40.981209
amp,taken,2026-07-10T22:00:44.744957
amq,taken,2026-07-10T22:00:48.465595
amr,taken,2026-07-10T22:00:52.267568
ams,taken,2026-07-10T22:00:55.966889
amt,taken,2026-07-10T22:00:59.704286
amu,taken,2026-07-10T22:01:03.725839
amv,taken,2026-07-10T22:01:07.524515
amw,taken,2026-07-10T22:01:11.298029
amx,taken,2026-07-10T22:01:15.020684
amy,taken,2026-07-10T22:01:18.828401
amz,taken,2026-07-10T22:01:22.490339
am0,taken,2026-07-10T22:01:26.129795
am1,taken,2026-07-10T22:01:29.878370
am2,taken,2026-07-10T22:01:33.560298
am3,taken,2026-07-10T22:01:37.479294
am4,taken,2026-07-10T22:01:41.503936
am5,taken,2026-07-10T22:01:45.156770
am6,taken,2026-07-10T22:01:48.745035
am7,taken,2026-07-10T22:01:52.358608
am8,taken,2026-07-10T22:01:56.088819
am9,taken,2026-07-10T22:01:59.831062
ana,taken,2026-07-10T22:02:03.525352
anb,taken,2026-07-10T22:02:07.347908
anc,taken,2026-07-10T22:02:11.011699
and,taken,2026-07-10T22:02:14.803300
ane,taken,2026-07-10T22:02:18.544162
anf,taken,2026-07-10T22:02:22.247702
ang,taken,2026-07-10T22:02:26.273764
anh,taken,2026-07-10T22:02:30.070444
ani,taken,2026-07-10T22:02:33.689163
anj,taken,2026-07-10T22:02:37.399853
ank,taken,2026-07-10T22:02:41.260268
anl,taken,2026-07-10T22:02:44.976729
anm,taken,2026-07-10T22:02:48.741897
ann,taken,2026-07-10T22:02:52.498170
ano,taken,2026-07-10T22:02:56.233881
anp,taken,2026-07-10T22:03:00.067584
anq,taken,2026-07-10T22:03:03.823799
anr,taken,2026-07-10T22:03:07.494075
ans,taken,2026-07-10T22:03:11.275643
ant,taken,2026-07-10T22:03:14.975386
anu,taken,2026-07-10T22:03:18.712549
anv,taken,2026-07-10T22:03:22.408065
anw,taken,2026-07-10T22:03:26.243912
anx,taken,2026-07-10T22:03:30.029948
any,taken,2026-07-10T22:03:33.824852
anz,taken,2026-07-10T22:03:37.623407
an0,taken,2026-07-10T22:03:41.583973
an1,taken,2026-07-10T22:03:45.285739
an2,taken,2026-07-10T22:03:48.990093
an3,taken,2026-07-10T22:03:52.875883
an4,taken,2026-07-10T22:03:56.618142
an5,taken,2026-07-10T22:04:00.770127
an6,taken,2026-07-10T22:04:04.410510
an7,taken,2026-07-10T22:04:08.073775
an8,taken,2026-07-10T22:04:11.892471
an9,taken,2026-07-10T22:04:15.657247
aoa,taken,2026-07-10T22:04:19.313502
aob,taken,2026-07-10T22:04:23.107216
aoc,taken,2026-07-10T22:04:26.903713
aod,taken,2026-07-10T22:04:30.755166
aoe,taken,2026-07-10T22:04:34.519415
aof,taken,2026-07-10T22:04:38.487658
aog,taken,2026-07-10T22:04:42.251881
aoh,taken,2026-07-10T22:04:46.167453
aoi,taken,2026-07-10T22:04:49.916020
aoj,taken,2026-07-10T22:04:53.675642
aok,taken,2026-07-10T22:04:57.535839
aol,error,2026-07-10T22:05:01.294594
aom,taken,2026-07-10T22:05:05.046892
aon,taken,2026-07-10T22:05:08.790255
aoo,taken,2026-07-10T22:05:12.687618
aop,taken,2026-07-10T22:05:16.353739
aoq,taken,2026-07-10T22:05:20.031173
aor,taken,2026-07-10T22:05:23.647879
aos,taken,2026-07-10T22:05:27.650669
aot,taken,2026-07-10T22:05:31.375324
aou,taken,2026-07-10T22:05:35.201931
aov,taken,2026-07-10T22:05:39.024641
aow,taken,2026-07-10T22:05:42.761634
aox,taken,2026-07-10T22:05:46.436705
aoy,taken,2026-07-10T22:05:53.281103
aoz,taken,2026-07-10T22:05:57.638334
ao0,taken,2026-07-10T22:06:01.445403
ao1,taken,2026-07-10T22:06:05.344273
ao2,taken,2026-07-10T22:06:09.062390
ao3,taken,2026-07-10T22:06:14.508637
ao4,taken,2026-07-10T22:06:18.372932
ao5,taken,2026-07-10T22:06:22.031694
ao6,taken,2026-07-10T22:06:25.874263
ao7,taken,2026-07-10T22:06:29.557032
ao8,taken,2026-07-10T22:06:33.298646
ao9,taken,2026-07-10T22:06:37.478859
apa,taken,2026-07-10T22:06:41.286382
apb,taken,2026-07-10T22:06:45.571345
apc,taken,2026-07-10T22:06:49.896370
apd,taken,2026-07-10T22:06:53.620371
ape,taken,2026-07-10T22:06:57.989284
apf,taken,2026-07-10T22:07:03.023685
apg,taken,2026-07-10T22:07:08.101053
aph,taken,2026-07-10T22:07:11.836223
api,taken,2026-07-10T22:07:16.225547
apj,taken,2026-07-10T22:07:20.594492
apk,taken,2026-07-10T22:07:25.200052
apl,taken,2026-07-10T22:07:29.780115
apm,taken,2026-07-10T22:07:38.388524
apn,taken,2026-07-10T22:07:42.231802
apo,taken,2026-07-10T22:07:46.083729
app,taken,2026-07-10T22:07:49.923012
apq,taken,2026-07-10T22:07:53.837239
apr,taken,2026-07-10T22:07:58.368921
aps,taken,2026-07-10T22:08:02.493546
apt,taken,2026-07-10T22:08:06.430052
apu,taken,2026-07-10T22:08:10.937738
apv,taken,2026-07-10T22:08:14.619478
apw,taken,2026-07-10T22:08:18.902917
apx,taken,2026-07-10T22:08:22.839889
apy,taken,2026-07-10T22:08:27.078637
apz,taken,2026-07-10T22:08:31.761233
ap0,taken,2026-07-10T22:08:36.399942
ap1,taken,2026-07-10T22:08:40.177825
ap2,taken,2026-07-10T22:08:43.913901
ap3,taken,2026-07-10T22:08:47.797277
ap4,taken,2026-07-10T22:08:51.784454
ap5,taken,2026-07-10T22:08:55.832269
ap6,taken,2026-07-10T22:08:59.726110
ap7,taken,2026-07-10T22:09:03.680478
ap8,taken,2026-07-10T22:09:07.557213
ap9,taken,2026-07-10T22:09:11.560719
aqa,taken,2026-07-10T22:09:15.400263
aqb,taken,2026-07-10T22:09:19.309712
aqc,taken,2026-07-10T22:09:23.265260
aqd,taken,2026-07-10T22:09:27.112535
aqe,taken,2026-07-10T22:09:30.858641
aqf,taken,2026-07-10T22:09:34.698628
aqg,taken,2026-07-10T22:09:38.606995
aqh,taken,2026-07-10T22:09:42.773800
aqi,taken,2026-07-10T22:09:48.184480
aqj,taken,2026-07-10T22:09:52.681521
aqk,taken,2026-07-10T22:09:56.855386
aql,taken,2026-07-10T22:10:01.547748
aqm,taken,2026-07-10T22:10:05.393131
aqn,taken,2026-07-10T22:10:09.704045
aqo,taken,2026-07-10T22:10:13.871220
aqp,taken,2026-07-10T22:10:18.156833
aqq,taken,2026-07-10T22:10:22.348418
aqr,taken,2026-07-10T22:10:26.483317
aqs,taken,2026-07-10T22:10:31.133505
aqt,taken,2026-07-10T22:10:36.170527
aqu,taken,2026-07-10T22:10:40.178239
aqv,taken,2026-07-10T22:10:44.774647
aqw,taken,2026-07-10T22:10:48.687051
aqx,taken,2026-07-10T22:10:52.973330
aqy,taken,2026-07-10T22:10:57.344752
aqz,taken,2026-07-10T22:11:01.342758
aq0,taken,2026-07-10T22:11:05.463069
aq1,taken,2026-07-10T22:11:09.059250
aq2,taken,2026-07-10T22:11:12.993663
aq3,taken,2026-07-10T22:11:17.150381
aq4,taken,2026-07-10T22:11:21.520845
aq5,taken,2026-07-10T22:11:25.646576
aq6,taken,2026-07-10T22:11:29.744763
aq7,taken,2026-07-10T22:11:33.504625
aq8,taken,2026-07-10T22:11:37.409159
aq9,taken,2026-07-10T22:11:41.489241
ara,taken,2026-07-10T22:11:45.623642
arb,taken,2026-07-10T22:14:54.128650
arc,taken,2026-07-10T22:14:58.484419
ard,taken,2026-07-10T22:15:03.182278
are,taken,2026-07-10T22:15:07.299189
arf,taken,2026-07-10T22:15:10.988711
arg,taken,2026-07-10T22:15:15.080042
arh,taken,2026-07-10T22:15:18.961781
ari,taken,2026-07-10T22:15:22.801197
arj,taken,2026-07-10T22:15:27.383477
ark,taken,2026-07-10T22:15:32.355770
arl,taken,2026-07-10T22:15:36.424705
arm,taken,2026-07-10T22:15:40.216599
arn,taken,2026-07-10T22:15:44.299518
aro,taken,2026-07-10T22:15:48.234129
arp,taken,2026-07-10T22:15:52.840339
arq,taken,2026-07-10T22:15:56.992631
arr,taken,2026-07-10T22:16:01.516706
ars,taken,2026-07-10T22:16:05.576159
art,taken,2026-07-10T22:16:09.657693
aru,taken,2026-07-10T22:16:13.876093
arv,taken,2026-07-10T22:16:17.919333
arw,taken,2026-07-10T22:16:21.851000
arx,taken,2026-07-10T22:16:25.959392
ary,taken,2026-07-10T22:16:30.331697
arz,taken,2026-07-10T22:16:34.253252
ar0,taken,2026-07-10T22:16:38.268972
ar1,taken,2026-07-10T22:16:41.693129
ar2,taken,2026-07-10T22:16:45.626706
ar3,taken,2026-07-10T22:16:49.993196
ar4,taken,2026-07-10T22:16:54.308741
ar5,taken,2026-07-10T22:16:58.456359
ar6,taken,2026-07-10T22:17:02.645980
ar7,taken,2026-07-10T22:17:06.514936
ar8,taken,2026-07-10T22:17:10.836052
ar9,taken,2026-07-10T22:17:15.274770
asa,taken,2026-07-10T22:17:19.278119
asb,taken,2026-07-10T22:17:23.168651
asc,error,2026-07-10T22:17:27.173122
asd,taken,2026-07-10T22:17:32.694501
ase,taken,2026-07-10T22:17:36.806753
asf,taken,2026-07-10T22:17:40.969157
asg,taken,2026-07-10T22:17:45.224159
ash,error,2026-07-10T22:17:49.700166
asi,taken,2026-07-10T22:17:53.980614
asj,taken,2026-07-10T22:17:58.092562
ask,taken,2026-07-10T22:18:01.930198
asl,taken,2026-07-10T22:18:06.041240
asm,taken,2026-07-10T22:18:10.060285
asn,taken,2026-07-10T22:18:14.094553
aso,taken,2026-07-10T22:18:18.110584
asp,taken,2026-07-10T22:18:22.072104
asq,taken,2026-07-10T22:18:26.196640
asr,taken,2026-07-10T22:18:29.887974
ass,taken,2026-07-10T22:18:33.900433
ast,taken,2026-07-10T22:18:38.137498
asu,taken,2026-07-10T22:18:42.309386
asv,taken,2026-07-10T22:18:45.843493
asw,taken,2026-07-10T22:18:49.979214
asx,taken,2026-07-10T22:18:54.111413
asy,taken,2026-07-10T22:18:58.024779
asz,taken,2026-07-10T22:19:02.542992
as0,taken,2026-07-10T22:19:06.756511
as1,taken,2026-07-10T22:19:10.946037
as2,taken,2026-07-10T22:19:14.870377
as3,taken,2026-07-10T22:19:19.032847
as4,taken,2026-07-10T22:19:22.918677
as5,taken,2026-07-10T22:19:27.104783
as6,taken,2026-07-10T22:19:31.210994
as7,taken,2026-07-10T22:19:35.443583
as8,taken,2026-07-10T22:19:39.202886
as9,taken,2026-07-10T22:19:43.519472
ata,taken,2026-07-10T22:19:47.757856
atb,error,2026-07-10T22:19:52.119992
atc,taken,2026-07-10T22:19:56.288012
atd,taken,2026-07-10T22:20:00.780874
ate,taken,2026-07-10T22:20:04.528525
atf,taken,2026-07-10T22:20:08.051449
atg,error,2026-07-10T22:20:12.517363
ath,taken,2026-07-10T22:20:16.625693
ati,taken,2026-07-10T22:20:20.809669
atj,taken,2026-07-10T22:20:24.798615
atk,taken,2026-07-10T22:20:28.997702
atl,taken,2026-07-10T22:20:33.145179
atm,taken,2026-07-10T22:20:37.117341
atn,taken,2026-07-10T22:20:41.374743
ato,taken,2026-07-10T22:20:45.310458
atp,taken,2026-07-10T22:20:49.193393
atq,taken,2026-07-10T22:20:53.029146
atr,taken,2026-07-10T22:20:56.548283
ats,taken,2026-07-10T22:21:00.825425
att,taken,2026-07-10T22:21:04.727941
atu,taken,2026-07-10T22:21:08.521517
atv,error,2026-07-10T22:21:12.531155
atw,taken,2026-07-10T22:21:16.422037
atx,taken,2026-07-10T22:21:20.367928
aty,taken,2026-07-10T22:21:24.231495
atz,taken,2026-07-10T22:21:28.008524
at0,taken,2026-07-10T22:21:32.708844
at1,taken,2026-07-10T22:21:36.501844
at2,taken,2026-07-10T22:21:40.318674
at3,taken,2026-07-10T22:21:44.234617
at4,taken,2026-07-10T22:21:48.295369
at5,taken,2026-07-10T22:21:52.242121
at6,taken,2026-07-10T22:21:57.008060
at7,taken,2026-07-10T22:22:00.891476
at8,taken,2026-07-10T22:22:04.700489
at9,taken,2026-07-10T22:22:08.646165
aua,taken,2026-07-10T22:22:12.535905
aub,taken,2026-07-10T22:22:17.168692
auc,taken,2026-07-10T22:22:21.106485
aud,taken,2026-07-10T22:22:25.430980
aue,taken,2026-07-10T22:22:31.085848
auf,error,2026-07-10T22:22:35.630729
aug,taken,2026-07-10T22:22:40.050344
auh,taken,2026-07-10T22:22:43.944584
aui,taken,2026-07-10T22:22:47.861129
auj,taken,2026-07-10T22:22:51.833945
auk,taken,2026-07-10T22:22:55.820343
aul,taken,2026-07-10T22:22:59.667897
aum,taken,2026-07-10T22:23:03.741333
aun,taken,2026-07-10T22:23:07.604492
auo,taken,2026-07-10T22:23:11.484495
aup,taken,2026-07-10T22:23:15.388268
auq,taken,2026-07-10T22:23:19.235048
aur,taken,2026-07-10T22:23:23.192939
aus,taken,2026-07-10T22:23:27.136334
aut,taken,2026-07-10T22:23:31.035739
auu,taken,2026-07-10T22:23:34.830608
auv,taken,2026-07-10T22:23:38.705773
auw,taken,2026-07-10T22:23:42.534125
aux,taken,2026-07-10T22:23:46.495124
auy,taken,2026-07-10T22:23:50.270530
auz,taken,2026-07-10T22:23:54.172900
au0,taken,2026-07-10T22:23:58.141880
au1,taken,2026-07-10T22:24:02.588517
au2,taken,2026-07-10T22:24:06.439453
au3,taken,2026-07-10T22:24:10.242780
au4,taken,2026-07-10T22:24:14.085782
au5,taken,2026-07-10T22:24:17.939955
au6,taken,2026-07-10T22:24:21.703553
au7,taken,2026-07-10T22:24:25.610515
au8,taken,2026-07-10T22:24:29.599847
au9,taken,2026-07-10T22:24:33.287747
ava,taken,2026-07-10T22:24:37.097423
avb,taken,2026-07-10T22:24:41.016630
avc,taken,2026-07-10T22:24:44.765323
avd,taken,2026-07-10T22:24:48.633084
ave,taken,2026-07-10T22:24:52.569382
avf,taken,2026-07-10T22:24:56.388211
avg,taken,2026-07-10T22:25:00.776485
avh,taken,2026-07-10T22:25:04.577319
avi,taken,2026-07-10T22:25:08.342102
avj,taken,2026-07-10T22:25:12.200865
avk,taken,2026-07-10T22:25:16.279365
avl,taken,2026-07-10T22:25:20.099047
avm,taken,2026-07-10T22:25:23.881648
avn,taken,2026-07-10T22:25:27.956172
avo,taken,2026-07-10T22:25:31.977261
avp,taken,2026-07-10T22:25:35.955258
avq,taken,2026-07-10T22:25:40.462459
avr,taken,2026-07-10T22:25:44.472103
avs,taken,2026-07-10T22:25:48.200102
avt,taken,2026-07-10T22:25:52.011909
avu,taken,2026-07-10T22:25:55.775039
avv,taken,2026-07-10T22:25:59.718876
avw,taken,2026-07-10T22:26:03.717985
avx,taken,2026-07-10T22:26:07.487842
avy,taken,2026-07-10T22:26:11.342711
avz,taken,2026-07-10T22:26:15.344699
av0,taken,2026-07-10T22:26:18.767569
av1,taken,2026-07-10T22:26:22.682135
av2,taken,2026-07-10T22:26:26.496128
av3,taken,2026-07-10T22:26:30.350693
av4,taken,2026-07-10T22:26:34.298152
av5,taken,2026-07-10T22:26:37.992805
av6,taken,2026-07-10T22:59:56.838208
av7,taken,2026-07-10T23:00:02.169640
av8,taken,2026-07-10T23:00:06.991453
av9,taken,2026-07-10T23:00:12.002747
awa,taken,2026-07-10T23:00:17.030830
